Query Name,Sample Seed,Conditions,Plan Hashes
10a,209053258454732,no-sampling | production-floor,-1532910689 | 1718403736
10a,209053258454733,no-sampling | production-floor,-1532910689 | 1718403736
10a,209053258454735,no-sampling | production-floor,-1532910689 | 1718403736
10a,209053258454736,no-sampling | production-floor,-1532910689 | 1718403736
10a,209053258454737,no-sampling | production-floor,-1532910689 | 1718403736
10a,209053258454738,no-sampling | production-floor,-1532910689 | 1718403736
10a,209053258454739,no-sampling | production-floor,-1532910689 | 1718403736
10a,209053258454740,no-sampling | production-floor,-1532910689 | 1718403736
10a,209053258454742,no-sampling | production-floor,-1532910689 | 1718403736
10a,209053258454743,no-sampling | production-floor,-1532910689 | 1718403736
10b,209057553422028,no-sampling | production-floor,-1532910689 | 1718403736
10b,209057553422029,no-sampling | production-floor,-1532910689 | 1718403736
10b,209057553422030,no-sampling | production-floor,-1532910689 | 1718403736
10b,209057553422032,no-sampling | production-floor,-1532910689 | 1718403736
10b,209057553422033,no-sampling | production-floor,-1532910689 | 1718403736
10b,209057553422034,no-sampling | production-floor,-1532910689 | 1718403736
10b,209057553422035,no-sampling | production-floor,-1532910689 | 1718403736
10b,209057553422037,no-sampling | production-floor,-1532910689 | 1718403736
10b,209057553422038,no-sampling | production-floor,-1532910689 | 1718403736
10b,209057553422039,no-sampling | production-floor,-1532910689 | 1718403736
11a,209186402440876,no-sampling | production-floor,1643046009 | -1055439248
11a,209186402440878,no-sampling | production-floor,1643046009 | -1055439248
11a,209186402440879,no-sampling | production-floor,1643046009 | -1055439248
11a,209186402440880,no-sampling | production-floor,1643046009 | -1055439248
11a,209186402440881,no-sampling | production-floor,1643046009 | -1055439248
11a,209186402440882,no-sampling | production-floor,1643046009 | -1055439248
11a,209186402440883,no-sampling | production-floor,1643046009 | -1055439248
11a,209186402440884,no-sampling | production-floor,1643046009 | -1055439248
11a,209186402440885,no-sampling | production-floor,1643046009 | -1055439248
11a,209186402440887,no-sampling | production-floor,1643046009 | -1055439248
11b,209190697408172,no-sampling | production-floor,762399165 | 898037380
11b,209190697408173,no-sampling | production-floor,762399165 | 898037380
11b,209190697408175,no-sampling | production-floor,762399165 | 898037380
11b,209190697408176,no-sampling | production-floor,762399165 | 898037380
11b,209190697408177,no-sampling | production-floor,762399165 | 898037380
11b,209190697408178,no-sampling | production-floor,762399165 | 898037380
11b,209190697408179,no-sampling | production-floor,762399165 | 898037380
11b,209190697408180,no-sampling | production-floor,762399165 | 898037380
11b,209190697408182,no-sampling | production-floor,762399165 | 898037380
11b,209190697408183,no-sampling | production-floor,762399165 | 898037380
11c,209194992375468,no-sampling | production-floor,-1039926098 | -358111285
11c,209194992375469,no-sampling | production-floor,-1039926098 | 212006990
11c,209194992375470,no-sampling | production-floor,-1039926098 | 212006990
11c,209194992375472,no-sampling | production-floor,-1039926098 | 212006990
11c,209194992375473,no-sampling | production-floor,-1039926098 | -358111285
11c,209194992375474,no-sampling | production-floor,-1039926098 | 212006990
11c,209194992375475,no-sampling | production-floor,-1039926098 | -358111285
11c,209194992375477,no-sampling | production-floor,-1039926098 | 212006990
11c,209194992375478,no-sampling | production-floor,-1039926098 | 212006990
11c,209194992375479,no-sampling | production-floor,-1039926098 | 212006990
11d,209199287342761,no-sampling | production-floor,-1039926098 | 588364050
11d,209199287342762,no-sampling | production-floor,-1039926098 | 588364050
11d,209199287342763,no-sampling | production-floor,-1039926098 | 588364050
11d,209199287342768,no-sampling | production-floor,-1039926098 | 588364050
11d,209199287342769,no-sampling | production-floor,-1039926098 | 588364050
11d,209199287342770,no-sampling | production-floor,-1039926098 | 588364050
11d,209199287342772,no-sampling | production-floor,-1039926098 | 588364050
11d,209199287342773,no-sampling | production-floor,-1039926098 | 588364050
11d,209199287342774,no-sampling | production-floor,-1039926098 | 588364050
11d,209199287342775,no-sampling | production-floor,-1039926098 | 588364050
12a,209319546427021,no-sampling | production-floor,-515552557 | 1128872642
12a,209319546427022,no-sampling | production-floor,-515552557 | 1128872642
12a,209319546427023,no-sampling | production-floor,-515552557 | 1128872642
12a,209319546427024,no-sampling | production-floor,-515552557 | 1128872642
12a,209319546427025,no-sampling | production-floor,-515552557 | 1128872642
12a,209319546427026,no-sampling | production-floor,-515552557 | 1128872642
12a,209319546427027,no-sampling | production-floor,-515552557 | 1128872642
12a,209319546427028,no-sampling | production-floor,-515552557 | 1128872642
12a,209319546427029,no-sampling | production-floor,-515552557 | 1128872642
12a,209319546427030,no-sampling | production-floor,-515552557 | 1128872642
12b,209323841394316,no-sampling | production-floor,1748720315 | 1435336516
12b,209323841394318,no-sampling | production-floor,1748720315 | -1300552445
12b,209323841394319,no-sampling | production-floor,1748720315 | 466548996
12b,209323841394320,no-sampling | production-floor,1748720315 | -1300552445
12b,209323841394321,no-sampling | production-floor,1748720315 | 466548996
12b,209323841394322,no-sampling | production-floor,1748720315 | -1300552445
12b,209323841394323,no-sampling | production-floor,1748720315 | -1300552445
12b,209323841394324,no-sampling | production-floor,1748720315 | 466548996
12b,209323841394325,no-sampling | production-floor,1748720315 | 1435336516
12b,209323841394327,no-sampling | production-floor,1748720315 | 466548996
12c,209328136361612,no-sampling | production-floor,-515552557 | -1953493739
12c,209328136361613,no-sampling | production-floor,-515552557 | -1953493739
12c,209328136361615,no-sampling | production-floor,-515552557 | -1953493739
12c,209328136361616,no-sampling | production-floor,-515552557 | -1953493739
12c,209328136361617,no-sampling | production-floor,-515552557 | -1953493739
12c,209328136361618,no-sampling | production-floor,-515552557 | -1953493739
12c,209328136361619,no-sampling | production-floor,-515552557 | -1953493739
12c,209328136361620,no-sampling | production-floor,-515552557 | -1953493739
12c,209328136361622,no-sampling | production-floor,-515552557 | -1953493739
12c,209328136361623,no-sampling | production-floor,-515552557 | -1953493739
13a,209452690413193,no-sampling | production-floor,-1379658100 | -1937147173
13a,209452690413194,no-sampling | production-floor,-1379658100 | -1937147173
13a,209452690413195,no-sampling | production-floor,-1379658100 | -1937147173
13a,209452690413196,no-sampling | production-floor,-1379658100 | -1937147173
13a,209452690413197,no-sampling | production-floor,-1379658100 | -1937147173
13a,209452690413198,no-sampling | production-floor,-1379658100 | -1937147173
13a,209452690413199,no-sampling | production-floor,-1379658100 | -1937147173
13a,209452690413200,no-sampling | production-floor,-1379658100 | -1937147173
13a,209452690413201,no-sampling | production-floor,-1379658100 | -1937147173
13a,209452690413202,no-sampling | production-floor,-1379658100 | -1937147173
13b,209456985380461,no-sampling | production-floor,-1402813810 | -2119720580
13b,209456985380462,no-sampling | production-floor,-1402813810 | -2119720580
13b,209456985380463,no-sampling | production-floor,-1402813810 | 1004522218
13b,209456985380464,no-sampling | production-floor,-1402813810 | -2119720580
13b,209456985380465,no-sampling | production-floor,-1402813810 | 1004522218
13b,209456985380466,no-sampling | production-floor,-1402813810 | 1004522218
13b,209456985380467,no-sampling | production-floor,-1402813810 | -2119720580
13b,209456985380468,no-sampling | production-floor,-1402813810 | -2119720580
13b,209456985380469,no-sampling | production-floor,-1402813810 | -2119720580
13b,209456985380470,no-sampling | production-floor,-1402813810 | -2119720580
13c,209461280347756,no-sampling | production-floor,-1402813810 | 1004522218
13c,209461280347758,no-sampling | production-floor,-1402813810 | 1004522218
13c,209461280347759,no-sampling | production-floor,-1402813810 | 1004522218
13c,209461280347760,no-sampling | production-floor,-1402813810 | 1004522218
13c,209461280347761,no-sampling | production-floor,-1402813810 | 1004522218
13c,209461280347762,no-sampling | production-floor,-1402813810 | 1004522218
13c,209461280347763,no-sampling | production-floor,-1402813810 | 1004522218
13c,209461280347764,no-sampling | production-floor,-1402813810 | 1004522218
13c,209461280347765,no-sampling | production-floor,-1402813810 | 1004522218
13c,209461280347767,no-sampling | production-floor,-1402813810 | 1004522218
13d,209465575315052,no-sampling | production-floor,-1402813810 | -2119720580
13d,209465575315053,no-sampling | production-floor,-1402813810 | -2119720580
13d,209465575315055,no-sampling | production-floor,-1402813810 | -2119720580
13d,209465575315056,no-sampling | production-floor,-1402813810 | -2119720580
13d,209465575315057,no-sampling | production-floor,-1402813810 | -2119720580
13d,209465575315058,no-sampling | production-floor,-1402813810 | -2119720580
13d,209465575315059,no-sampling | production-floor,-1402813810 | -2119720580
13d,209465575315060,no-sampling | production-floor,-1402813810 | -2119720580
13d,209465575315062,no-sampling | production-floor,-1402813810 | -2119720580
13d,209465575315063,no-sampling | production-floor,-1402813810 | -2119720580
14a,209585834399336,no-sampling | production-floor,555945203 | -1633330344
14a,209585834399338,no-sampling | production-floor,555945203 | -1633330344
14a,209585834399339,no-sampling | production-floor,555945203 | -1633330344
14a,209585834399340,no-sampling | production-floor,555945203 | -1633330344
14a,209585834399341,no-sampling | production-floor,555945203 | -1633330344
14a,209585834399342,no-sampling | production-floor,555945203 | -1633330344
14a,209585834399343,no-sampling | production-floor,555945203 | -1633330344
14a,209585834399344,no-sampling | production-floor,555945203 | -1633330344
14a,209585834399345,no-sampling | production-floor,555945203 | -1633330344
14a,209585834399347,no-sampling | production-floor,555945203 | -1633330344
14b,209590129366633,no-sampling | production-floor,-1877309394 | 1313982226
14b,209590129366634,no-sampling | production-floor,-1877309394 | 1313982226
14b,209590129366635,no-sampling | production-floor,-1877309394 | 1313982226
14b,209590129366636,no-sampling | production-floor,-1877309394 | 1313982226
14b,209590129366637,no-sampling | production-floor,-1877309394 | 1313982226
14b,209590129366638,no-sampling | production-floor,-1877309394 | 1313982226
14b,209590129366639,no-sampling | production-floor,-1877309394 | 1313982226
14b,209590129366640,no-sampling | production-floor,-1877309394 | 1313982226
14b,209590129366641,no-sampling | production-floor,-1877309394 | 1313982226
14b,209590129366642,no-sampling | production-floor,-1877309394 | 1313982226
14c,209594424333901,no-sampling | production-floor,-452716964 | 1171118565
14c,209594424333902,no-sampling | production-floor,-452716964 | 1171118565
14c,209594424333903,no-sampling | production-floor,-452716964 | 1171118565
14c,209594424333904,no-sampling | production-floor,-452716964 | 1171118565
14c,209594424333905,no-sampling | production-floor,-452716964 | 1171118565
14c,209594424333906,no-sampling | production-floor,-452716964 | 1171118565
14c,209594424333907,no-sampling | production-floor,-452716964 | 1171118565
14c,209594424333908,no-sampling | production-floor,-452716964 | 1171118565
14c,209594424333909,no-sampling | production-floor,-452716964 | 1171118565
14c,209594424333910,no-sampling | production-floor,-452716964 | 1171118565
15a,209718978385480,no-sampling | production-floor,506230201 | -197612404
15a,209718978385481,no-sampling | production-floor,506230201 | -197612404
15a,209718978385483,no-sampling | production-floor,506230201 | -197612404
15a,209718978385484,no-sampling | production-floor,506230201 | 196157638
15a,209718978385485,no-sampling | production-floor,506230201 | -197612404
15a,209718978385486,no-sampling | production-floor,506230201 | -197612404
15a,209718978385487,no-sampling | production-floor,506230201 | -197612404
15a,209718978385488,no-sampling | production-floor,506230201 | -197612404
15a,209718978385490,no-sampling | production-floor,506230201 | -197612404
15a,209718978385491,no-sampling | production-floor,506230201 | -197612404
15b,209723273352776,no-sampling | production-floor,527170132 | -1293176700
15b,209723273352778,no-sampling | production-floor,527170132 | -1293176700
15b,209723273352779,no-sampling | production-floor,527170132 | -1293176700
15b,209723273352780,no-sampling | production-floor,527170132 | -1293176700
15b,209723273352781,no-sampling | production-floor,527170132 | -1293176700
15b,209723273352782,no-sampling | production-floor,527170132 | -1293176700
15b,209723273352783,no-sampling | production-floor,527170132 | -1293176700
15b,209723273352784,no-sampling | production-floor,527170132 | -1293176700
15b,209723273352785,no-sampling | production-floor,527170132 | -1293176700
15b,209723273352787,no-sampling | production-floor,527170132 | -1293176700
15d,209731863287341,no-sampling | production-floor,-241594924 | -704972777
15d,209731863287342,no-sampling | production-floor,-241594924 | -704972777
15d,209731863287343,no-sampling | production-floor,-241594924 | -704972777
15d,209731863287344,no-sampling | production-floor,-241594924 | -704972777
15d,209731863287345,no-sampling | production-floor,-241594924 | -704972777
15d,209731863287346,no-sampling | production-floor,-241594924 | -704972777
15d,209731863287347,no-sampling | production-floor,-241594924 | -704972777
15d,209731863287348,no-sampling | production-floor,-241594924 | -704972777
15d,209731863287349,no-sampling | production-floor,-241594924 | -704972777
15d,209731863287350,no-sampling | production-floor,-241594924 | -704972777
16a,209852122371624,no-sampling | production-floor,1108344190 | 719404660
16a,209852122371625,no-sampling | production-floor,1108344190 | 719404660
16a,209852122371626,no-sampling | production-floor,1108344190 | 719404660
16a,209852122371628,no-sampling | production-floor,1108344190 | 719404660
16a,209852122371629,no-sampling | production-floor,1108344190 | 719404660
16a,209852122371630,no-sampling | production-floor,1108344190 | 719404660
16a,209852122371631,no-sampling | production-floor,1108344190 | 719404660
16a,209852122371633,no-sampling | production-floor,1108344190 | 719404660
16a,209852122371634,no-sampling | production-floor,1108344190 | 719404660
16a,209852122371635,no-sampling | production-floor,1108344190 | 719404660
16b,209856417338920,no-sampling | production-floor,-222209972 | -32917605
16b,209856417338921,no-sampling | production-floor,-222209972 | -32917605
16b,209856417338923,no-sampling | production-floor,-222209972 | -32917605
16b,209856417338924,no-sampling | production-floor,-222209972 | -32917605
16b,209856417338925,no-sampling | production-floor,-222209972 | -32917605
16b,209856417338926,no-sampling | production-floor,-222209972 | -32917605
16b,209856417338927,no-sampling | production-floor,-222209972 | -32917605
16b,209856417338928,no-sampling | production-floor,-222209972 | -32917605
16b,209856417338930,no-sampling | production-floor,-222209972 | -32917605
16b,209856417338931,no-sampling | production-floor,-222209972 | -32917605
16c,209860712306216,no-sampling | production-floor,2025501659 | 719404660
16c,209860712306218,no-sampling | production-floor,2025501659 | 719404660
16c,209860712306219,no-sampling | production-floor,2025501659 | 719404660
16c,209860712306220,no-sampling | production-floor,2025501659 | 719404660
16c,209860712306221,no-sampling | production-floor,2025501659 | 719404660
16c,209860712306222,no-sampling | production-floor,2025501659 | 719404660
16c,209860712306223,no-sampling | production-floor,2025501659 | 719404660
16c,209860712306224,no-sampling | production-floor,2025501659 | 719404660
16c,209860712306225,no-sampling | production-floor,2025501659 | 719404660
16c,209860712306227,no-sampling | production-floor,2025501659 | 719404660
16d,209865007273513,no-sampling | production-floor,2025501659 | 719404660
16d,209865007273514,no-sampling | production-floor,2025501659 | 719404660
16d,209865007273515,no-sampling | production-floor,2025501659 | 719404660
16d,209865007273516,no-sampling | production-floor,2025501659 | 719404660
16d,209865007273517,no-sampling | production-floor,2025501659 | 719404660
16d,209865007273518,no-sampling | production-floor,2025501659 | 719404660
16d,209865007273519,no-sampling | production-floor,2025501659 | 719404660
16d,209865007273520,no-sampling | production-floor,2025501659 | 719404660
16d,209865007273521,no-sampling | production-floor,2025501659 | 719404660
16d,209865007273522,no-sampling | production-floor,2025501659 | 719404660
17a,209985266357768,no-sampling | production-floor,-2049997972 | -1125412742
17a,209985266357769,no-sampling | production-floor,-2049997972 | -1125412742
17a,209985266357770,no-sampling | production-floor,-2049997972 | -1125412742
17a,209985266357771,no-sampling | production-floor,-2049997972 | -1125412742
17a,209985266357773,no-sampling | production-floor,-2049997972 | -1125412742
17a,209985266357774,no-sampling | production-floor,-2049997972 | -1125412742
17a,209985266357775,no-sampling | production-floor,-2049997972 | -1125412742
17a,209985266357780,no-sampling | production-floor,-2049997972 | -1125412742
17a,209985266357781,no-sampling | production-floor,-2049997972 | -1125412742
17a,209985266357782,no-sampling | production-floor,-2049997972 | -1125412742
17b,209989561325064,no-sampling | production-floor,-2143655902 | -138391054
17b,209989561325065,no-sampling | production-floor,-2143655902 | -138391054
17b,209989561325066,no-sampling | production-floor,-2143655902 | -138391054
17b,209989561325068,no-sampling | production-floor,-2143655902 | -138391054
17b,209989561325069,no-sampling | production-floor,-2143655902 | -138391054
17b,209989561325070,no-sampling | production-floor,-2143655902 | -138391054
17b,209989561325071,no-sampling | production-floor,-2143655902 | -138391054
17b,209989561325073,no-sampling | production-floor,-2143655902 | -138391054
17b,209989561325074,no-sampling | production-floor,-2143655902 | -138391054
17b,209989561325075,no-sampling | production-floor,-2143655902 | -138391054
17e,210002446226953,no-sampling | production-floor,-2049997972 | -1125412742
17e,210002446226954,no-sampling | production-floor,-2049997972 | -1125412742
17e,210002446226955,no-sampling | production-floor,-2049997972 | -1125412742
17e,210002446226956,no-sampling | production-floor,-2049997972 | -1125412742
17e,210002446226957,no-sampling | production-floor,-2049997972 | -1125412742
17e,210002446226958,no-sampling | production-floor,-2049997972 | -1125412742
17e,210002446226959,no-sampling | production-floor,-2049997972 | -1125412742
17e,210002446226960,no-sampling | production-floor,-2049997972 | -1125412742
17e,210002446226961,no-sampling | production-floor,-2049997972 | -1125412742
17e,210002446226962,no-sampling | production-floor,-2049997972 | -1125412742
17f,210006741194733,no-sampling | production-floor,1840011406 | -806828271
17f,210006741194734,no-sampling | production-floor,1840011406 | -806828271
17f,210006741194735,no-sampling | production-floor,1840011406 | -806828271
17f,210006741194736,no-sampling | production-floor,1840011406 | -806828271
17f,210006741194737,no-sampling | production-floor,1840011406 | -806828271
17f,210006741194738,no-sampling | production-floor,1840011406 | -806828271
17f,210006741194739,no-sampling | production-floor,1840011406 | -806828271
17f,210006741194740,no-sampling | production-floor,1840011406 | -806828271
17f,210006741194741,no-sampling | production-floor,1840011406 | -806828271
17f,210006741194742,no-sampling | production-floor,1840011406 | -806828271
18a,210118410344424,no-sampling | production-floor,812001518 | -574815707
18a,210118410344425,no-sampling | production-floor,812001518 | -574815707
18a,210118410344426,no-sampling | production-floor,812001518 | 33748592
18a,210118410344427,no-sampling | production-floor,812001518 | -574815707
18a,210118410344428,no-sampling | production-floor,812001518 | -574815707
18a,210118410344430,no-sampling | production-floor,812001518 | -574815707
18a,210118410344431,no-sampling | production-floor,812001518 | -574815707
18a,210118410344436,no-sampling | production-floor,812001518 | -574815707
18a,210118410344437,no-sampling | production-floor,812001518 | -574815707
18a,210118410344439,no-sampling | production-floor,812001518 | -574815707
18b,210122705311720,no-sampling | production-floor,1807679118 | -2103027714
18b,210122705311721,no-sampling | production-floor,1807679118 | -2103027714
18b,210122705311722,no-sampling | production-floor,1807679118 | -2103027714
18b,210122705311723,no-sampling | production-floor,1807679118 | -2103027714
18b,210122705311725,no-sampling | production-floor,1807679118 | -2103027714
18b,210122705311726,no-sampling | production-floor,1807679118 | -2103027714
18b,210122705311727,no-sampling | production-floor,1807679118 | -2103027714
18b,210122705311732,no-sampling | production-floor,1807679118 | -2103027714
18b,210122705311733,no-sampling | production-floor,1807679118 | -2103027714
18b,210122705311734,no-sampling | production-floor,1807679118 | -2103027714
18c,210127000279016,no-sampling | production-floor,-961604879 | -852311855
18c,210127000279017,no-sampling | production-floor,-961604879 | -852311855
18c,210127000279018,no-sampling | production-floor,-961604879 | -852311855
18c,210127000279020,no-sampling | production-floor,-961604879 | -852311855
18c,210127000279021,no-sampling | production-floor,-961604879 | -852311855
18c,210127000279022,no-sampling | production-floor,-961604879 | -852311855
18c,210127000279023,no-sampling | production-floor,-961604879 | -852311855
18c,210127000279025,no-sampling | production-floor,-961604879 | -852311855
18c,210127000279026,no-sampling | production-floor,-961604879 | -852311855
18c,210127000279027,no-sampling | production-floor,-961604879 | -852311855
19a,210251554330568,no-sampling | production-floor,1270559632 | -1917738233
19a,210251554330569,no-sampling | production-floor,1270559632 | 1396323381
19a,210251554330570,no-sampling | production-floor,1270559632 | -1467958403
19a,210251554330571,no-sampling | production-floor,1270559632 | 1396323381
19a,210251554330572,no-sampling | production-floor,1270559632 | -1013248213
19a,210251554330573,no-sampling | production-floor,1270559632 | 1396323381
19a,210251554330575,no-sampling | production-floor,1270559632 | -1917738233
19a,210251554330580,no-sampling | production-floor,1270559632 | -1013248213
19a,210251554330582,no-sampling | production-floor,1270559632 | 1396323381
19a,210251554330583,no-sampling | production-floor,1270559632 | 1396323381
19b,210255849297864,no-sampling | production-floor,-167141638 | 910037442
19b,210255849297865,no-sampling | production-floor,-167141638 | 910037442
19b,210255849297866,no-sampling | production-floor,-167141638 | 910037442
19b,210255849297867,no-sampling | production-floor,-167141638 | 825922194
19b,210255849297868,no-sampling | production-floor,-167141638 | 825922194
19b,210255849297870,no-sampling | production-floor,-167141638 | -1834056489
19b,210255849297871,no-sampling | production-floor,-167141638 | 825922194
19b,210255849297876,no-sampling | production-floor,-167141638 | 825922194
19b,210255849297877,no-sampling | production-floor,-167141638 | 825922194
19b,210255849297879,no-sampling | production-floor,-167141638 | -1834056489
19c,210260144265160,no-sampling | production-floor,-1294825545 | 204487702
19c,210260144265161,no-sampling | production-floor,-1294825545 | 204487702
19c,210260144265162,no-sampling | production-floor,-1294825545 | 204487702
19c,210260144265163,no-sampling | production-floor,-1294825545 | 204487702
19c,210260144265165,no-sampling | production-floor,-1294825545 | 204487702
19c,210260144265166,no-sampling | production-floor,-1294825545 | 204487702
19c,210260144265167,no-sampling | production-floor,-1294825545 | 204487702
19c,210260144265172,no-sampling | production-floor,-1294825545 | 204487702
19c,210260144265173,no-sampling | production-floor,-1294825545 | 204487702
19c,210260144265174,no-sampling | production-floor,-1294825545 | 204487702
19d,210264439232456,no-sampling | production-floor,-1228936107 | -1675841368
19d,210264439232457,no-sampling | production-floor,-1228936107 | -1675841368
19d,210264439232458,no-sampling | production-floor,-1228936107 | -1675841368
19d,210264439232460,no-sampling | production-floor,-1228936107 | -1675841368
19d,210264439232461,no-sampling | production-floor,-1228936107 | -1675841368
19d,210264439232462,no-sampling | production-floor,-1228936107 | -1675841368
19d,210264439232463,no-sampling | production-floor,-1228936107 | -1675841368
19d,210264439232465,no-sampling | production-floor,-1228936107 | -1675841368
19d,210264439232466,no-sampling | production-floor,-1228936107 | -1675841368
19d,210264439232467,no-sampling | production-floor,-1228936107 | -1246359705
1a,6940687412896,no-sampling | production-floor,958676468 | 686382736
1a,6940687412897,no-sampling | production-floor,958676468 | 686382736
1a,6940687412898,no-sampling | production-floor,958676468 | 686382736
1a,6940687412899,no-sampling | production-floor,958676468 | 686382736
1a,6940687412900,no-sampling | production-floor,958676468 | 686382736
1a,6940687412901,no-sampling | production-floor,958676468 | 686382736
1a,6940687412902,no-sampling | production-floor,958676468 | 686382736
1a,6940687412925,no-sampling | production-floor,958676468 | 686382736
1a,6940687412926,no-sampling | production-floor,958676468 | 686382736
1a,6940687412927,no-sampling | production-floor,958676468 | 686382736
1b,6944982380192,no-sampling | production-floor,1234261665 | 1003820838
1b,6944982380193,no-sampling | production-floor,1234261665 | 1003820838
1b,6944982380194,no-sampling | production-floor,1234261665 | 1003820838
1b,6944982380195,no-sampling | production-floor,1234261665 | 1003820838
1b,6944982380196,no-sampling | production-floor,1234261665 | 1003820838
1b,6944982380197,no-sampling | production-floor,1234261665 | 1003820838
1b,6944982380199,no-sampling | production-floor,1234261665 | 1003820838
1b,6944982380220,no-sampling | production-floor,1234261665 | 1003820838
1b,6944982380222,no-sampling | production-floor,1234261665 | 1003820838
1b,6944982380223,no-sampling | production-floor,1234261665 | 1003820838
1c,6949277347488,no-sampling | production-floor,958676468 | 686382736
1c,6949277347489,no-sampling | production-floor,958676468 | 686382736
1c,6949277347490,no-sampling | production-floor,958676468 | 686382736
1c,6949277347491,no-sampling | production-floor,958676468 | 686382736
1c,6949277347492,no-sampling | production-floor,958676468 | 686382736
1c,6949277347494,no-sampling | production-floor,958676468 | 686382736
1c,6949277347495,no-sampling | production-floor,958676468 | 686382736
1c,6949277347516,no-sampling | production-floor,958676468 | 686382736
1c,6949277347517,no-sampling | production-floor,958676468 | 686382736
1c,6949277347519,no-sampling | production-floor,958676468 | 686382736
1d,6953572314784,no-sampling | production-floor,1234261665 | 1003820838
1d,6953572314785,no-sampling | production-floor,1234261665 | 1003820838
1d,6953572314786,no-sampling | production-floor,1234261665 | 1003820838
1d,6953572314787,no-sampling | production-floor,1234261665 | 1003820838
1d,6953572314789,no-sampling | production-floor,1234261665 | 1003820838
1d,6953572314790,no-sampling | production-floor,1234261665 | 1003820838
1d,6953572314791,no-sampling | production-floor,1234261665 | 1003820838
1d,6953572314812,no-sampling | production-floor,1234261665 | 1003820838
1d,6953572314813,no-sampling | production-floor,1234261665 | 1003820838
1d,6953572314814,no-sampling | production-floor,1234261665 | 1003820838
20a,213180722047244,no-sampling | production-floor,2087169786 | -1591323648
20a,213180722047245,no-sampling | production-floor,2087169786 | -1591323648
20a,213180722047246,no-sampling | production-floor,2087169786 | -1591323648
20a,213180722047248,no-sampling | production-floor,2087169786 | -1591323648
20a,213180722047249,no-sampling | production-floor,2087169786 | -1591323648
20a,213180722047250,no-sampling | production-floor,2087169786 | -1591323648
20a,213180722047251,no-sampling | production-floor,2087169786 | -1591323648
20a,213180722047253,no-sampling | production-floor,2087169786 | -1591323648
20a,213180722047254,no-sampling | production-floor,2087169786 | -1591323648
20a,213180722047255,no-sampling | production-floor,2087169786 | -1591323648
20b,213185017014537,no-sampling | production-floor,203442306 | -56865338
20b,213185017014538,no-sampling | production-floor,203442306 | -56865338
20b,213185017014539,no-sampling | production-floor,203442306 | -56865338
20b,213185017014544,no-sampling | production-floor,203442306 | -56865338
20b,213185017014545,no-sampling | production-floor,203442306 | -56865338
20b,213185017014546,no-sampling | production-floor,203442306 | -56865338
20b,213185017014548,no-sampling | production-floor,203442306 | -56865338
20b,213185017014549,no-sampling | production-floor,203442306 | -56865338
20b,213185017014550,no-sampling | production-floor,203442306 | -56865338
20b,213185017014551,no-sampling | production-floor,203442306 | -56865338
20c,213189311981832,no-sampling | production-floor,-249267488 | 216174188
20c,213189311981834,no-sampling | production-floor,-249267488 | 216174188
20c,213189311981835,no-sampling | production-floor,-249267488 | 216174188
20c,213189311981840,no-sampling | production-floor,-249267488 | 216174188
20c,213189311981841,no-sampling | production-floor,-249267488 | 216174188
20c,213189311981843,no-sampling | production-floor,-249267488 | 216174188
20c,213189311981844,no-sampling | production-floor,-249267488 | 216174188
20c,213189311981845,no-sampling | production-floor,-249267488 | 216174188
20c,213189311981846,no-sampling | production-floor,-249267488 | 216174188
20c,213189311981847,no-sampling | production-floor,-249267488 | 216174188
21a,213313866033900,no-sampling | production-floor,1875661095 | 405046416
21a,213313866033901,no-sampling | production-floor,1875661095 | 405046416
21a,213313866033903,no-sampling | production-floor,1875661095 | 405046416
21a,213313866033904,no-sampling | production-floor,1875661095 | 405046416
21a,213313866033905,no-sampling | production-floor,1875661095 | 405046416
21a,213313866033906,no-sampling | production-floor,1875661095 | 405046416
21a,213313866033907,no-sampling | production-floor,1875661095 | 405046416
21a,213313866033908,no-sampling | production-floor,1875661095 | 405046416
21a,213313866033910,no-sampling | production-floor,1875661095 | 405046416
21a,213313866033911,no-sampling | production-floor,1875661095 | 405046416
21b,213318161001196,no-sampling | production-floor,1875661095 | 405046416
21b,213318161001197,no-sampling | production-floor,1875661095 | 405046416
21b,213318161001198,no-sampling | production-floor,1875661095 | 405046416
21b,213318161001200,no-sampling | production-floor,1875661095 | 405046416
21b,213318161001201,no-sampling | production-floor,1875661095 | 405046416
21b,213318161001202,no-sampling | production-floor,1875661095 | 405046416
21b,213318161001203,no-sampling | production-floor,1875661095 | 405046416
21b,213318161001205,no-sampling | production-floor,1875661095 | 405046416
21b,213318161001206,no-sampling | production-floor,1875661095 | 405046416
21b,213318161001207,no-sampling | production-floor,1875661095 | 405046416
21c,213322455968489,no-sampling | production-floor,1875661095 | 405046416
21c,213322455968490,no-sampling | production-floor,1875661095 | 405046416
21c,213322455968491,no-sampling | production-floor,1875661095 | 405046416
21c,213322455968496,no-sampling | production-floor,1875661095 | 405046416
21c,213322455968497,no-sampling | production-floor,1875661095 | 405046416
21c,213322455968498,no-sampling | production-floor,1875661095 | 405046416
21c,213322455968500,no-sampling | production-floor,1875661095 | 405046416
21c,213322455968501,no-sampling | production-floor,1875661095 | 405046416
21c,213322455968502,no-sampling | production-floor,1875661095 | 405046416
21c,213322455968503,no-sampling | production-floor,1875661095 | 405046416
22a,213447010020044,no-sampling | production-floor,-1719071238 | -1072711187
22a,213447010020046,no-sampling | production-floor,-1719071238 | -1072711187
22a,213447010020047,no-sampling | production-floor,-1719071238 | -1072711187
22a,213447010020048,no-sampling | production-floor,-1719071238 | -1072711187
22a,213447010020049,no-sampling | production-floor,-1719071238 | -1072711187
22a,213447010020050,no-sampling | production-floor,-1719071238 | -1072711187
22a,213447010020051,no-sampling | production-floor,-1719071238 | -1072711187
22a,213447010020052,no-sampling | production-floor,-1719071238 | -1072711187
22a,213447010020053,no-sampling | production-floor,-1719071238 | -1072711187
22a,213447010020055,no-sampling | production-floor,-1719071238 | -1072711187
22b,213451304987340,no-sampling | production-floor,-1719071238 | -1072711187
22b,213451304987341,no-sampling | production-floor,-1719071238 | -1072711187
22b,213451304987343,no-sampling | production-floor,-1719071238 | -1072711187
22b,213451304987344,no-sampling | production-floor,-1719071238 | -1072711187
22b,213451304987345,no-sampling | production-floor,-1719071238 | -1072711187
22b,213451304987346,no-sampling | production-floor,-1719071238 | -1072711187
22b,213451304987347,no-sampling | production-floor,-1719071238 | -1072711187
22b,213451304987348,no-sampling | production-floor,-1719071238 | -1072711187
22b,213451304987350,no-sampling | production-floor,-1719071238 | -1072711187
22b,213451304987351,no-sampling | production-floor,-1719071238 | -1072711187
22c,213455599954636,no-sampling | production-floor,-1719071238 | -1072711187
22c,213455599954637,no-sampling | production-floor,-1719071238 | -1072711187
22c,213455599954638,no-sampling | production-floor,-1719071238 | -1072711187
22c,213455599954640,no-sampling | production-floor,-1719071238 | -1072711187
22c,213455599954641,no-sampling | production-floor,-1719071238 | -1072711187
22c,213455599954642,no-sampling | production-floor,-1719071238 | -1072711187
22c,213455599954643,no-sampling | production-floor,-1719071238 | -1072711187
22c,213455599954645,no-sampling | production-floor,-1719071238 | -1072711187
22c,213455599954646,no-sampling | production-floor,-1719071238 | -1072711187
22c,213455599954647,no-sampling | production-floor,-1719071238 | -1072711187
22d,213459894921929,no-sampling | production-floor,-1065531287 | -697127982
22d,213459894921930,no-sampling | production-floor,-1065531287 | -697127982
22d,213459894921931,no-sampling | production-floor,-1065531287 | -697127982
22d,213459894921936,no-sampling | production-floor,-1065531287 | -697127982
22d,213459894921937,no-sampling | production-floor,-1065531287 | -206037755
22d,213459894921938,no-sampling | production-floor,-1065531287 | -697127982
22d,213459894921940,no-sampling | production-floor,-1065531287 | -697127982
22d,213459894921941,no-sampling | production-floor,-1065531287 | -697127982
22d,213459894921942,no-sampling | production-floor,-1065531287 | -697127982
22d,213459894921943,no-sampling | production-floor,-1065531287 | -697127982
23b,213584448973484,no-sampling | production-floor,-976682035 | 1055741165
23b,213584448973486,no-sampling | production-floor,-976682035 | 1055741165
23b,213584448973487,no-sampling | production-floor,-976682035 | -617936631
23b,213584448973488,no-sampling | production-floor,-976682035 | 1055741165
23b,213584448973489,no-sampling | production-floor,-976682035 | 1055741165
23b,213584448973490,no-sampling | production-floor,-976682035 | 1055741165
23b,213584448973491,no-sampling | production-floor,-976682035 | 1055741165
23b,213584448973492,no-sampling | production-floor,-976682035 | 1055741165
23b,213584448973493,no-sampling | production-floor,-976682035 | 1055741165
23b,213584448973495,no-sampling | production-floor,-976682035 | -617936631
24a,213713297992361,no-sampling | production-floor,-352090006 | 369835801
24a,213713297992362,no-sampling | production-floor,-352090006 | 369835801
24a,213713297992363,no-sampling | production-floor,-352090006 | 916074739
24a,213713297992364,no-sampling | production-floor,-352090006 | 916074739
24a,213713297992365,no-sampling | production-floor,-352090006 | -279819772
24a,213713297992366,no-sampling | production-floor,-352090006 | 916074739
24a,213713297992367,no-sampling | production-floor,-352090006 | 369835801
24a,213713297992368,no-sampling | production-floor,-352090006 | 916074739
24a,213713297992369,no-sampling | production-floor,-352090006 | 369835801
24a,213713297992370,no-sampling | production-floor,-352090006 | 916074739
24b,213717592959629,no-sampling | production-floor,-70091638 | 644596804
24b,213717592959630,no-sampling | production-floor,-70091638 | 644596804
24b,213717592959631,no-sampling | production-floor,-70091638 | -870534348
24b,213717592959632,no-sampling | production-floor,-70091638 | -870534348
24b,213717592959633,no-sampling | production-floor,-70091638 | -870534348
24b,213717592959634,no-sampling | production-floor,-70091638 | -870534348
24b,213717592959635,no-sampling | production-floor,-70091638 | 644596804
24b,213717592959636,no-sampling | production-floor,-70091638 | 644596804
24b,213717592959637,no-sampling | production-floor,-70091638 | 644596804
24b,213717592959638,no-sampling | production-floor,-70091638 | 644596804
25a,213846441978504,no-sampling | production-floor,-1295408368 | 1296202811
25a,213846441978506,no-sampling | production-floor,-1295408368 | 1296202811
25a,213846441978507,no-sampling | production-floor,-1295408368 | -1152094815
25a,213846441978508,no-sampling | production-floor,-1295408368 | 1296202811
25a,213846441978509,no-sampling | production-floor,-1295408368 | 1296202811
25a,213846441978510,no-sampling | production-floor,-1295408368 | 1296202811
25a,213846441978511,no-sampling | production-floor,-1295408368 | 1296202811
25a,213846441978512,no-sampling | production-floor,-1295408368 | 1296202811
25a,213846441978513,no-sampling | production-floor,-1295408368 | 1296202811
25a,213846441978515,no-sampling | production-floor,-1295408368 | -1152094815
25b,213850736945801,no-sampling | production-floor,106978077 | -1701088130
25b,213850736945802,no-sampling | production-floor,106978077 | -1701088130
25b,213850736945803,no-sampling | production-floor,106978077 | -1701088130
25b,213850736945804,no-sampling | production-floor,106978077 | -1701088130
25b,213850736945805,no-sampling | production-floor,106978077 | -1701088130
25b,213850736945806,no-sampling | production-floor,106978077 | -1701088130
25b,213850736945807,no-sampling | production-floor,106978077 | -1701088130
25b,213850736945808,no-sampling | production-floor,106978077 | -1701088130
25b,213850736945809,no-sampling | production-floor,106978077 | -1701088130
25b,213850736945810,no-sampling | production-floor,106978077 | -1701088130
25c,213855031913069,no-sampling | production-floor,-1785408503 | -472157051
25c,213855031913070,no-sampling | production-floor,-1785408503 | -472157051
25c,213855031913071,no-sampling | production-floor,-1785408503 | -472157051
25c,213855031913072,no-sampling | production-floor,-1785408503 | -472157051
25c,213855031913073,no-sampling | production-floor,-1785408503 | -472157051
25c,213855031913074,no-sampling | production-floor,-1785408503 | -472157051
25c,213855031913075,no-sampling | production-floor,-1785408503 | -472157051
25c,213855031913076,no-sampling | production-floor,-1785408503 | -472157051
25c,213855031913077,no-sampling | production-floor,-1785408503 | -472157051
25c,213855031913078,no-sampling | production-floor,-1785408503 | -472157051
26a,213979585964648,no-sampling | production-floor,-2024555218 | -2144714912
26a,213979585964649,no-sampling | production-floor,-2024555218 | -2144714912
26a,213979585964651,no-sampling | production-floor,-2024555218 | -2144714912
26a,213979585964652,no-sampling | production-floor,-2024555218 | -2144714912
26a,213979585964653,no-sampling | production-floor,-2024555218 | -2144714912
26a,213979585964654,no-sampling | production-floor,-2024555218 | -2144714912
26a,213979585964655,no-sampling | production-floor,-2024555218 | -2144714912
26a,213979585964656,no-sampling | production-floor,-2024555218 | -2144714912
26a,213979585964658,no-sampling | production-floor,-2024555218 | -2144714912
26a,213979585964659,no-sampling | production-floor,-2024555218 | -2144714912
26b,213983880931944,no-sampling | production-floor,-1048805790 | 1839472673
26b,213983880931946,no-sampling | production-floor,-1048805790 | 1839472673
26b,213983880931947,no-sampling | production-floor,-1048805790 | 1839472673
26b,213983880931948,no-sampling | production-floor,-1048805790 | 1839472673
26b,213983880931949,no-sampling | production-floor,-1048805790 | 1839472673
26b,213983880931950,no-sampling | production-floor,-1048805790 | 1839472673
26b,213983880931951,no-sampling | production-floor,-1048805790 | 1839472673
26b,213983880931952,no-sampling | production-floor,-1048805790 | 1839472673
26b,213983880931953,no-sampling | production-floor,-1048805790 | 1839472673
26b,213983880931955,no-sampling | production-floor,-1048805790 | 1839472673
26c,213988175899241,no-sampling | production-floor,2002976144 | -824637688
26c,213988175899242,no-sampling | production-floor,2002976144 | 279814670
26c,213988175899243,no-sampling | production-floor,2002976144 | -824637688
26c,213988175899244,no-sampling | production-floor,2002976144 | 279814670
26c,213988175899245,no-sampling | production-floor,2002976144 | 279814670
26c,213988175899246,no-sampling | production-floor,2002976144 | 279814670
26c,213988175899247,no-sampling | production-floor,2002976144 | -824637688
26c,213988175899248,no-sampling | production-floor,2002976144 | 279814670
26c,213988175899249,no-sampling | production-floor,2002976144 | 279814670
26c,213988175899250,no-sampling | production-floor,2002976144 | 279814670
27a,214112729950792,no-sampling | production-floor,-1578205233 | 1608906155
27a,214112729950793,no-sampling | production-floor,-1578205233 | 1608906155
27a,214112729950794,no-sampling | production-floor,-1578205233 | 1608906155
27a,214112729950796,no-sampling | production-floor,-1578205233 | 1608906155
27a,214112729950797,no-sampling | production-floor,-1578205233 | 1608906155
27a,214112729950798,no-sampling | production-floor,-1578205233 | 1608906155
27a,214112729950799,no-sampling | production-floor,-1578205233 | 1608906155
27a,214112729950801,no-sampling | production-floor,-1578205233 | 1608906155
27a,214112729950802,no-sampling | production-floor,-1578205233 | 1608906155
27a,214112729950803,no-sampling | production-floor,-1578205233 | 1608906155
27b,214117024918088,no-sampling | production-floor,1021059939 | 1367252878
27b,214117024918089,no-sampling | production-floor,1021059939 | 1367252878
27b,214117024918091,no-sampling | production-floor,1021059939 | 1367252878
27b,214117024918092,no-sampling | production-floor,1021059939 | 1367252878
27b,214117024918093,no-sampling | production-floor,1021059939 | 1367252878
27b,214117024918094,no-sampling | production-floor,1021059939 | 1367252878
27b,214117024918095,no-sampling | production-floor,1021059939 | 1367252878
27b,214117024918096,no-sampling | production-floor,1021059939 | 1367252878
27b,214117024918098,no-sampling | production-floor,1021059939 | 1367252878
27b,214117024918099,no-sampling | production-floor,1021059939 | 1367252878
27c,214121319885384,no-sampling | production-floor,-829331469 | -622492985
27c,214121319885386,no-sampling | production-floor,-829331469 | -622492985
27c,214121319885387,no-sampling | production-floor,-829331469 | -622492985
27c,214121319885388,no-sampling | production-floor,-829331469 | -622492985
27c,214121319885389,no-sampling | production-floor,-829331469 | -622492985
27c,214121319885390,no-sampling | production-floor,-829331469 | -622492985
27c,214121319885391,no-sampling | production-floor,-829331469 | -622492985
27c,214121319885392,no-sampling | production-floor,-829331469 | -622492985
27c,214121319885393,no-sampling | production-floor,-829331469 | -622492985
27c,214121319885395,no-sampling | production-floor,-829331469 | -622492985
28a,214245873936936,no-sampling | production-floor,1222793645 | -1614013504
28a,214245873936937,no-sampling | production-floor,1222793645 | -1614013504
28a,214245873936938,no-sampling | production-floor,1222793645 | -1614013504
28a,214245873936939,no-sampling | production-floor,1222793645 | -1614013504
28a,214245873936941,no-sampling | production-floor,1222793645 | -1614013504
28a,214245873936942,no-sampling | production-floor,1222793645 | -1614013504
28a,214245873936943,no-sampling | production-floor,1222793645 | -1614013504
28a,214245873936948,no-sampling | production-floor,1222793645 | -1614013504
28a,214245873936949,no-sampling | production-floor,1222793645 | -1614013504
28a,214245873936950,no-sampling | production-floor,1222793645 | -1614013504
28b,214250168904232,no-sampling | production-floor,1222793645 | -1614013504
28b,214250168904233,no-sampling | production-floor,1222793645 | -1614013504
28b,214250168904234,no-sampling | production-floor,1222793645 | -1614013504
28b,214250168904236,no-sampling | production-floor,1222793645 | -1614013504
28b,214250168904237,no-sampling | production-floor,1222793645 | -1614013504
28b,214250168904238,no-sampling | production-floor,1222793645 | -1614013504
28b,214250168904239,no-sampling | production-floor,1222793645 | -1614013504
28b,214250168904241,no-sampling | production-floor,1222793645 | -1614013504
28b,214250168904242,no-sampling | production-floor,1222793645 | -1614013504
28b,214250168904243,no-sampling | production-floor,1222793645 | -1614013504
28c,214254463871528,no-sampling | production-floor,1914702639 | -127293549
28c,214254463871529,no-sampling | production-floor,1914702639 | -127293549
28c,214254463871531,no-sampling | production-floor,1914702639 | -127293549
28c,214254463871532,no-sampling | production-floor,1914702639 | -127293549
28c,214254463871533,no-sampling | production-floor,1914702639 | -127293549
28c,214254463871534,no-sampling | production-floor,1914702639 | -127293549
28c,214254463871535,no-sampling | production-floor,1914702639 | -127293549
28c,214254463871536,no-sampling | production-floor,1914702639 | -127293549
28c,214254463871538,no-sampling | production-floor,1914702639 | -127293549
28c,214254463871539,no-sampling | production-floor,1914702639 | -127293549
29a,214379017923080,no-sampling | production-floor,-980331532 | -858518681
29a,214379017923081,no-sampling | production-floor,-980331532 | -858518681
29a,214379017923082,no-sampling | production-floor,-980331532 | -858518681
29a,214379017923083,no-sampling | production-floor,-980331532 | -858518681
29a,214379017923084,no-sampling | production-floor,-980331532 | -858518681
29a,214379017923086,no-sampling | production-floor,-980331532 | -858518681
29a,214379017923087,no-sampling | production-floor,-980331532 | -858518681
29a,214379017923092,no-sampling | production-floor,-980331532 | -858518681
29a,214379017923093,no-sampling | production-floor,-980331532 | -858518681
29a,214379017923095,no-sampling | production-floor,-980331532 | -858518681
29b,214383312890376,no-sampling | production-floor,-609415370 | -665152500
29b,214383312890377,no-sampling | production-floor,-609415370 | -665152500
29b,214383312890378,no-sampling | production-floor,-609415370 | -665152500
29b,214383312890379,no-sampling | production-floor,-609415370 | -665152500
29b,214383312890381,no-sampling | production-floor,-609415370 | -665152500
29b,214383312890382,no-sampling | production-floor,-609415370 | -665152500
29b,214383312890383,no-sampling | production-floor,-609415370 | -665152500
29b,214383312890388,no-sampling | production-floor,-609415370 | -665152500
29b,214383312890389,no-sampling | production-floor,-609415370 | -665152500
29b,214383312890390,no-sampling | production-floor,-609415370 | -665152500
29c,214387607857672,no-sampling | production-floor,1519204498 | -839131028
29c,214387607857673,no-sampling | production-floor,1519204498 | -839131028
29c,214387607857674,no-sampling | production-floor,1519204498 | -839131028
29c,214387607857676,no-sampling | production-floor,1519204498 | -839131028
29c,214387607857677,no-sampling | production-floor,1519204498 | -839131028
29c,214387607857678,no-sampling | production-floor,1519204498 | -839131028
29c,214387607857679,no-sampling | production-floor,1519204498 | -839131028
29c,214387607857681,no-sampling | production-floor,1519204498 | -839131028
29c,214387607857682,no-sampling | production-floor,1519204498 | -839131028
29c,214387607857683,no-sampling | production-floor,1519204498 | 894113721
2a,7073831399040,no-sampling | production-floor,-813469563 | 321836810
2a,7073831399041,no-sampling | production-floor,-813469563 | 321836810
2a,7073831399042,no-sampling | production-floor,-813469563 | 321836810
2a,7073831399065,no-sampling | production-floor,-813469563 | 321836810
2a,7073831399066,no-sampling | production-floor,-813469563 | 321836810
2a,7073831399067,no-sampling | production-floor,-813469563 | 321836810
2a,7073831399068,no-sampling | production-floor,-813469563 | 321836810
2a,7073831399069,no-sampling | production-floor,-813469563 | 321836810
2a,7073831399070,no-sampling | production-floor,-813469563 | 321836810
2a,7073831399071,no-sampling | production-floor,-813469563 | 321836810
2b,7078126366336,no-sampling | production-floor,-1566201251 | 321836810
2b,7078126366337,no-sampling | production-floor,-1566201251 | 321836810
2b,7078126366338,no-sampling | production-floor,-1566201251 | 321836810
2b,7078126366339,no-sampling | production-floor,-1566201251 | 321836810
2b,7078126366340,no-sampling | production-floor,-1566201251 | 321836810
2b,7078126366341,no-sampling | production-floor,-1566201251 | 321836810
2b,7078126366342,no-sampling | production-floor,-1566201251 | 321836810
2b,7078126366365,no-sampling | production-floor,-1566201251 | 321836810
2b,7078126366366,no-sampling | production-floor,-1566201251 | 321836810
2b,7078126366367,no-sampling | production-floor,-1566201251 | 321836810
2d,7086716300928,no-sampling | production-floor,-813469563 | 321836810
2d,7086716300929,no-sampling | production-floor,-813469563 | 321836810
2d,7086716300930,no-sampling | production-floor,-813469563 | 321836810
2d,7086716300931,no-sampling | production-floor,-813469563 | 321836810
2d,7086716300932,no-sampling | production-floor,-813469563 | 321836810
2d,7086716300934,no-sampling | production-floor,-813469563 | 321836810
2d,7086716300935,no-sampling | production-floor,-813469563 | 321836810
2d,7086716300956,no-sampling | production-floor,-813469563 | 321836810
2d,7086716300957,no-sampling | production-floor,-813469563 | 321836810
2d,7086716300959,no-sampling | production-floor,-813469563 | 321836810
30a,217308185619785,no-sampling | production-floor,-1836210057 | 204795277
30a,217308185619786,no-sampling | production-floor,-1836210057 | 204795277
30a,217308185619787,no-sampling | production-floor,-1836210057 | 204795277
30a,217308185619792,no-sampling | production-floor,-1836210057 | 204795277
30a,217308185619793,no-sampling | production-floor,-1836210057 | 204795277
30a,217308185619794,no-sampling | production-floor,-1836210057 | 204795277
30a,217308185619796,no-sampling | production-floor,-1836210057 | 204795277
30a,217308185619797,no-sampling | production-floor,-1836210057 | 204795277
30a,217308185619798,no-sampling | production-floor,-1836210057 | 204795277
30a,217308185619799,no-sampling | production-floor,-1836210057 | 204795277
31a,217441329605932,no-sampling | production-floor,-1795126799 | -1860427610
31a,217441329605933,no-sampling | production-floor,-1795126799 | -1860427610
31a,217441329605934,no-sampling | production-floor,-1795126799 | -1860427610
31a,217441329605936,no-sampling | production-floor,-1795126799 | -1860427610
31a,217441329605937,no-sampling | production-floor,-1795126799 | -1860427610
31a,217441329605938,no-sampling | production-floor,-1795126799 | -1860427610
31a,217441329605939,no-sampling | production-floor,-1795126799 | -1860427610
31a,217441329605941,no-sampling | production-floor,-1795126799 | -1860427610
31a,217441329605942,no-sampling | production-floor,-1795126799 | -1860427610
31a,217441329605943,no-sampling | production-floor,-1795126799 | -1860427610
31b,217445624573225,no-sampling | production-floor,1223952466 | 1092791141
31b,217445624573226,no-sampling | production-floor,1223952466 | 1092791141
31b,217445624573227,no-sampling | production-floor,1223952466 | 1092791141
31b,217445624573232,no-sampling | production-floor,1223952466 | 1092791141
31b,217445624573233,no-sampling | production-floor,1223952466 | 1092791141
31b,217445624573234,no-sampling | production-floor,1223952466 | 1092791141
31b,217445624573236,no-sampling | production-floor,1223952466 | 1092791141
31b,217445624573237,no-sampling | production-floor,1223952466 | 1092791141
31b,217445624573238,no-sampling | production-floor,1223952466 | 1092791141
31b,217445624573239,no-sampling | production-floor,1223952466 | 1092791141
31c,217449919540520,no-sampling | production-floor,-1849236590 | 415261907
31c,217449919540522,no-sampling | production-floor,-1849236590 | 415261907
31c,217449919540523,no-sampling | production-floor,-1849236590 | 415261907
31c,217449919540528,no-sampling | production-floor,-1849236590 | 415261907
31c,217449919540529,no-sampling | production-floor,-1849236590 | 415261907
31c,217449919540531,no-sampling | production-floor,-1849236590 | 415261907
31c,217449919540532,no-sampling | production-floor,-1849236590 | 415261907
31c,217449919540533,no-sampling | production-floor,-1849236590 | 415261907
31c,217449919540534,no-sampling | production-floor,-1849236590 | 415261907
31c,217449919540535,no-sampling | production-floor,-1849236590 | 415261907
32a,217574473592076,no-sampling | production-floor,957982218 | 1765267761
32a,217574473592077,no-sampling | production-floor,957982218 | 1765267761
32a,217574473592079,no-sampling | production-floor,957982218 | 1765267761
32a,217574473592080,no-sampling | production-floor,957982218 | 1765267761
32a,217574473592081,no-sampling | production-floor,957982218 | 1765267761
32a,217574473592082,no-sampling | production-floor,957982218 | 1765267761
32a,217574473592083,no-sampling | production-floor,957982218 | 1765267761
32a,217574473592084,no-sampling | production-floor,957982218 | 1765267761
32a,217574473592086,no-sampling | production-floor,957982218 | 1765267761
32a,217574473592087,no-sampling | production-floor,957982218 | 1765267761
32b,217578768559372,no-sampling | production-floor,-119481243 | -239234728
32b,217578768559373,no-sampling | production-floor,-119481243 | -239234728
32b,217578768559374,no-sampling | production-floor,-119481243 | -239234728
32b,217578768559376,no-sampling | production-floor,-119481243 | -239234728
32b,217578768559377,no-sampling | production-floor,-119481243 | -239234728
32b,217578768559378,no-sampling | production-floor,-119481243 | -239234728
32b,217578768559379,no-sampling | production-floor,-119481243 | -239234728
32b,217578768559381,no-sampling | production-floor,-119481243 | -239234728
32b,217578768559382,no-sampling | production-floor,-119481243 | -239234728
32b,217578768559383,no-sampling | production-floor,-119481243 | -239234728
33a,217707617578732,no-sampling | production-floor,1266302631 | 14380942
33a,217707617578734,no-sampling | production-floor,1266302631 | 14380942
33a,217707617578735,no-sampling | production-floor,1266302631 | 14380942
33a,217707617578736,no-sampling | production-floor,1266302631 | 14380942
33a,217707617578737,no-sampling | production-floor,1266302631 | 14380942
33a,217707617578738,no-sampling | production-floor,1266302631 | 14380942
33a,217707617578739,no-sampling | production-floor,1266302631 | 14380942
33a,217707617578740,no-sampling | production-floor,1266302631 | 14380942
33a,217707617578741,no-sampling | production-floor,1266302631 | 14380942
33a,217707617578743,no-sampling | production-floor,1266302631 | 14380942
33b,217711912546028,no-sampling | production-floor,491952308 | -1215026023
33b,217711912546029,no-sampling | production-floor,491952308 | -1215026023
33b,217711912546031,no-sampling | production-floor,491952308 | -1215026023
33b,217711912546032,no-sampling | production-floor,491952308 | -1215026023
33b,217711912546033,no-sampling | production-floor,491952308 | -1215026023
33b,217711912546034,no-sampling | production-floor,491952308 | -1215026023
33b,217711912546035,no-sampling | production-floor,491952308 | -1215026023
33b,217711912546036,no-sampling | production-floor,491952308 | -1215026023
33b,217711912546038,no-sampling | production-floor,491952308 | -1215026023
33b,217711912546039,no-sampling | production-floor,491952308 | -1215026023
33c,217716207513324,no-sampling | production-floor,-1229604950 | 1026233334
33c,217716207513325,no-sampling | production-floor,-1229604950 | 1026233334
33c,217716207513326,no-sampling | production-floor,-1229604950 | 1026233334
33c,217716207513328,no-sampling | production-floor,-1229604950 | 1026233334
33c,217716207513329,no-sampling | production-floor,-1229604950 | 1026233334
33c,217716207513330,no-sampling | production-floor,-1229604950 | 1026233334
33c,217716207513331,no-sampling | production-floor,-1229604950 | 1026233334
33c,217716207513333,no-sampling | production-floor,-1229604950 | 1026233334
33c,217716207513334,no-sampling | production-floor,-1229604950 | 1026233334
33c,217716207513335,no-sampling | production-floor,-1229604950 | 1026233334
4a,7340119371328,no-sampling | production-floor,-1202259619 | 1427000343
4a,7340119371330,no-sampling | production-floor,-1202259619 | 1427000343
4a,7340119371331,no-sampling | production-floor,-1202259619 | 1427000343
4a,7340119371352,no-sampling | production-floor,-1202259619 | 1427000343
4a,7340119371353,no-sampling | production-floor,-1202259619 | 1427000343
4a,7340119371355,no-sampling | production-floor,-1202259619 | 1427000343
4a,7340119371356,no-sampling | production-floor,-1202259619 | 1427000343
4a,7340119371357,no-sampling | production-floor,-1202259619 | 1427000343
4a,7340119371358,no-sampling | production-floor,-1202259619 | 1427000343
4a,7340119371359,no-sampling | production-floor,-1202259619 | 1427000343
4b,7344414338624,no-sampling | production-floor,611794456 | 261415237
4b,7344414338625,no-sampling | production-floor,611794456 | 261415237
4b,7344414338627,no-sampling | production-floor,611794456 | 261415237
4b,7344414338648,no-sampling | production-floor,611794456 | 261415237
4b,7344414338650,no-sampling | production-floor,611794456 | 261415237
4b,7344414338651,no-sampling | production-floor,611794456 | 261415237
4b,7344414338652,no-sampling | production-floor,611794456 | 261415237
4b,7344414338653,no-sampling | production-floor,611794456 | 261415237
4b,7344414338654,no-sampling | production-floor,611794456 | 261415237
4b,7344414338655,no-sampling | production-floor,611794456 | 261415237
4c,7348709305920,no-sampling | production-floor,-1125545911 | 464932698
4c,7348709305921,no-sampling | production-floor,-1125545911 | 464932698
4c,7348709305922,no-sampling | production-floor,-1125545911 | 464932698
4c,7348709305945,no-sampling | production-floor,-1125545911 | 464932698
4c,7348709305946,no-sampling | production-floor,-1125545911 | 464932698
4c,7348709305947,no-sampling | production-floor,-1125545911 | 464932698
4c,7348709305948,no-sampling | production-floor,-1125545911 | 464932698
4c,7348709305949,no-sampling | production-floor,-1125545911 | 464932698
4c,7348709305950,no-sampling | production-floor,-1125545911 | 464932698
4c,7348709305951,no-sampling | production-floor,-1125545911 | 464932698
5a,7473263357473,no-sampling | production-floor,1516290568 | 414652499
5a,7473263357474,no-sampling | production-floor,1516290568 | 414652499
5a,7473263357475,no-sampling | production-floor,1516290568 | 414652499
5a,7473263357496,no-sampling | production-floor,1516290568 | 414652499
5a,7473263357497,no-sampling | production-floor,1516290568 | 414652499
5a,7473263357498,no-sampling | production-floor,1516290568 | 414652499
5a,7473263357500,no-sampling | production-floor,1516290568 | 414652499
5a,7473263357501,no-sampling | production-floor,1516290568 | 414652499
5a,7473263357502,no-sampling | production-floor,1516290568 | 414652499
5a,7473263357503,no-sampling | production-floor,1516290568 | 414652499
5b,7477558324768,no-sampling | production-floor,677486420 | 1589551454
5b,7477558324770,no-sampling | production-floor,677486420 | 2137438787
5b,7477558324771,no-sampling | production-floor,677486420 | 1969057250
5b,7477558324792,no-sampling | production-floor,677486420 | 2137438787
5b,7477558324793,no-sampling | production-floor,677486420 | 1589551454
5b,7477558324795,no-sampling | production-floor,677486420 | 2137438787
5b,7477558324796,no-sampling | production-floor,677486420 | 2137438787
5b,7477558324797,no-sampling | production-floor,677486420 | 2137438787
5b,7477558324798,no-sampling | production-floor,677486420 | 2137438787
5b,7477558324799,no-sampling | production-floor,677486420 | 2137438787
5c,7481853292064,no-sampling | production-floor,1437004065 | -761671341
5c,7481853292065,no-sampling | production-floor,1437004065 | -761671341
5c,7481853292067,no-sampling | production-floor,1437004065 | -761671341
5c,7481853292088,no-sampling | production-floor,1437004065 | -761671341
5c,7481853292090,no-sampling | production-floor,1437004065 | -761671341
5c,7481853292091,no-sampling | production-floor,1437004065 | -761671341
5c,7481853292092,no-sampling | production-floor,1437004065 | -761671341
5c,7481853292093,no-sampling | production-floor,1437004065 | -761671341
5c,7481853292094,no-sampling | production-floor,1437004065 | -761671341
5c,7481853292095,no-sampling | production-floor,1437004065 | -761671341
6a,7606407343620,no-sampling | production-floor,-1397154297 | -224470636
6a,7606407343621,no-sampling | production-floor,-1397154297 | -224470636
6a,7606407343622,no-sampling | production-floor,-1397154297 | -224470636
6a,7606407343640,no-sampling | production-floor,-1397154297 | -224470636
6a,7606407343641,no-sampling | production-floor,-1397154297 | -224470636
6a,7606407343642,no-sampling | production-floor,-1397154297 | -224470636
6a,7606407343643,no-sampling | production-floor,-1397154297 | -224470636
6a,7606407343645,no-sampling | production-floor,-1397154297 | -224470636
6a,7606407343646,no-sampling | production-floor,-1397154297 | -224470636
6a,7606407343647,no-sampling | production-floor,-1397154297 | -224470636
6b,7610702310913,no-sampling | production-floor,1956036293 | 1482096114
6b,7610702310914,no-sampling | production-floor,1956036293 | 1482096114
6b,7610702310915,no-sampling | production-floor,1956036293 | 1482096114
6b,7610702310936,no-sampling | production-floor,1956036293 | 1482096114
6b,7610702310937,no-sampling | production-floor,1956036293 | 1482096114
6b,7610702310938,no-sampling | production-floor,1956036293 | 1482096114
6b,7610702310940,no-sampling | production-floor,1956036293 | 1482096114
6b,7610702310941,no-sampling | production-floor,1956036293 | 1482096114
6b,7610702310942,no-sampling | production-floor,1956036293 | 1482096114
6b,7610702310943,no-sampling | production-floor,1956036293 | 1482096114
6c,7614997278208,no-sampling | production-floor,-1397154297 | -224470636
6c,7614997278210,no-sampling | production-floor,-1397154297 | -224470636
6c,7614997278211,no-sampling | production-floor,-1397154297 | -224470636
6c,7614997278232,no-sampling | production-floor,-1397154297 | -224470636
6c,7614997278233,no-sampling | production-floor,-1397154297 | -224470636
6c,7614997278235,no-sampling | production-floor,-1397154297 | -224470636
6c,7614997278236,no-sampling | production-floor,-1397154297 | -224470636
6c,7614997278237,no-sampling | production-floor,-1397154297 | -224470636
6c,7614997278238,no-sampling | production-floor,-1397154297 | -224470636
6c,7614997278239,no-sampling | production-floor,-1397154297 | -224470636
6d,7619292245504,no-sampling | production-floor,-1261445935 | 1250717231
6d,7619292245505,no-sampling | production-floor,-1261445935 | 1250717231
6d,7619292245507,no-sampling | production-floor,-1261445935 | 1250717231
6d,7619292245528,no-sampling | production-floor,-1261445935 | 1250717231
6d,7619292245530,no-sampling | production-floor,-1261445935 | 1250717231
6d,7619292245531,no-sampling | production-floor,-1261445935 | 1250717231
6d,7619292245532,no-sampling | production-floor,-1261445935 | 1250717231
6d,7619292245533,no-sampling | production-floor,-1261445935 | 1250717231
6d,7619292245534,no-sampling | production-floor,-1261445935 | 1250717231
6d,7619292245535,no-sampling | production-floor,-1261445935 | 1250717231
6e,7623587212800,no-sampling | production-floor,-1397154297 | -224470636
6e,7623587212801,no-sampling | production-floor,-1397154297 | -224470636
6e,7623587212802,no-sampling | production-floor,-1397154297 | -224470636
6e,7623587212825,no-sampling | production-floor,-1397154297 | -224470636
6e,7623587212826,no-sampling | production-floor,-1397154297 | -224470636
6e,7623587212827,no-sampling | production-floor,-1397154297 | -224470636
6e,7623587212828,no-sampling | production-floor,-1397154297 | -224470636
6e,7623587212829,no-sampling | production-floor,-1397154297 | -224470636
6e,7623587212830,no-sampling | production-floor,-1397154297 | -224470636
6e,7623587212831,no-sampling | production-floor,-1397154297 | -224470636
6f,7627882180096,no-sampling | production-floor,-1261445935 | 1250717231
6f,7627882180097,no-sampling | production-floor,-1261445935 | 1250717231
6f,7627882180098,no-sampling | production-floor,-1261445935 | 1250717231
6f,7627882180099,no-sampling | production-floor,-1261445935 | 1250717231
6f,7627882180100,no-sampling | production-floor,-1261445935 | 1250717231
6f,7627882180101,no-sampling | production-floor,-1261445935 | 1250717231
6f,7627882180102,no-sampling | production-floor,-1261445935 | 1250717231
6f,7627882180125,no-sampling | production-floor,-1261445935 | 1250717231
6f,7627882180126,no-sampling | production-floor,-1261445935 | 1250717231
6f,7627882180127,no-sampling | production-floor,-1261445935 | 1250717231
7a,7739551330276,no-sampling | production-floor,-1169423559 | -2009290410
7a,7739551330277,no-sampling | production-floor,-1169423559 | -2009290410
7a,7739551330279,no-sampling | production-floor,-1169423559 | -2009290410
7a,7739551330296,no-sampling | production-floor,-1169423559 | -2009290410
7a,7739551330297,no-sampling | production-floor,-1169423559 | -2009290410
7a,7739551330298,no-sampling | production-floor,-1169423559 | -2009290410
7a,7739551330299,no-sampling | production-floor,-1169423559 | -2009290410
7a,7739551330300,no-sampling | production-floor,-1169423559 | -2009290410
7a,7739551330302,no-sampling | production-floor,-1169423559 | -2009290410
7a,7739551330303,no-sampling | production-floor,-1169423559 | -2009290410
7b,7743846297572,no-sampling | production-floor,1766386416 | -377469187
7b,7743846297573,no-sampling | production-floor,1766386416 | -377469187
7b,7743846297574,no-sampling | production-floor,1766386416 | -377469187
7b,7743846297592,no-sampling | production-floor,1766386416 | -377469187
7b,7743846297593,no-sampling | production-floor,1766386416 | -377469187
7b,7743846297594,no-sampling | production-floor,1766386416 | -377469187
7b,7743846297595,no-sampling | production-floor,1766386416 | -377469187
7b,7743846297597,no-sampling | production-floor,1766386416 | -377469187
7b,7743846297598,no-sampling | production-floor,1766386416 | -377469187
7b,7743846297599,no-sampling | production-floor,1766386416 | -377469187
7c,7748141264865,no-sampling | production-floor,1134307114 | -1004347469
7c,7748141264866,no-sampling | production-floor,1134307114 | -1004347469
7c,7748141264867,no-sampling | production-floor,1134307114 | -1004347469
7c,7748141264888,no-sampling | production-floor,1134307114 | -1004347469
7c,7748141264889,no-sampling | production-floor,1134307114 | -1004347469
7c,7748141264890,no-sampling | production-floor,1134307114 | -1004347469
7c,7748141264892,no-sampling | production-floor,1134307114 | -1004347469
7c,7748141264893,no-sampling | production-floor,1134307114 | -1004347469
7c,7748141264894,no-sampling | production-floor,1134307114 | -1004347469
7c,7748141264895,no-sampling | production-floor,1134307114 | -1004347469
8a,7872695316420,no-sampling | production-floor,-487903307 | -1424306548
8a,7872695316422,no-sampling | production-floor,-487903307 | -1424306548
8a,7872695316423,no-sampling | production-floor,-487903307 | -1424306548
8a,7872695316440,no-sampling | production-floor,-487903307 | -1424306548
8a,7872695316441,no-sampling | production-floor,-487903307 | -1424306548
8a,7872695316442,no-sampling | production-floor,-487903307 | -1424306548
8a,7872695316443,no-sampling | production-floor,-487903307 | -1424306548
8a,7872695316444,no-sampling | production-floor,-487903307 | -1424306548
8a,7872695316445,no-sampling | production-floor,-487903307 | -1424306548
8a,7872695316447,no-sampling | production-floor,-487903307 | -1424306548
8b,7876990283716,no-sampling | production-floor,1175150577 | -1718178947
8b,7876990283717,no-sampling | production-floor,1175150577 | -1718178947
8b,7876990283719,no-sampling | production-floor,1175150577 | -1718178947
8b,7876990283736,no-sampling | production-floor,1175150577 | -387699444
8b,7876990283737,no-sampling | production-floor,1175150577 | -1718178947
8b,7876990283738,no-sampling | production-floor,1175150577 | -1718178947
8b,7876990283739,no-sampling | production-floor,1175150577 | -1718178947
8b,7876990283740,no-sampling | production-floor,1175150577 | -387699444
8b,7876990283742,no-sampling | production-floor,1175150577 | -1718178947
8b,7876990283743,no-sampling | production-floor,1175150577 | -1718178947
9a,8005839302565,no-sampling | production-floor,-1811363958 | 1514154397
9a,8005839302566,no-sampling | production-floor,-1811363958 | 1514154397
9a,8005839302567,no-sampling | production-floor,-1811363958 | 1514154397
9a,8005839302584,no-sampling | production-floor,-1811363958 | 1514154397
9a,8005839302585,no-sampling | production-floor,-1811363958 | 1514154397
9a,8005839302586,no-sampling | production-floor,-1811363958 | 612228983
9a,8005839302587,no-sampling | production-floor,-1811363958 | 2140763346
9a,8005839302588,no-sampling | production-floor,-1811363958 | 1514154397
9a,8005839302589,no-sampling | production-floor,-1811363958 | 1514154397
9a,8005839302590,no-sampling | production-floor,-1811363958 | 1514154397
9b,8010134269860,no-sampling | production-floor,-1366607982 | 983461370
9b,8010134269862,no-sampling | production-floor,-1366607982 | -4751552
9b,8010134269863,no-sampling | production-floor,-1366607982 | 983461370
9b,8010134269880,no-sampling | production-floor,-1366607982 | -4751552
9b,8010134269881,no-sampling | production-floor,-1366607982 | 983461370
9b,8010134269882,no-sampling | production-floor,-1366607982 | -4751552
9b,8010134269883,no-sampling | production-floor,-1366607982 | 983461370
9b,8010134269884,no-sampling | production-floor,-1366607982 | 983461370
9b,8010134269885,no-sampling | production-floor,-1366607982 | 983461370
9b,8010134269887,no-sampling | production-floor,-1366607982 | 983461370
9c,8014429237156,no-sampling | production-floor,2086476890 | -1283145132
9c,8014429237157,no-sampling | production-floor,2086476890 | -1283145132
9c,8014429237159,no-sampling | production-floor,2086476890 | -1283145132
9c,8014429237176,no-sampling | production-floor,2086476890 | -1283145132
9c,8014429237177,no-sampling | production-floor,2086476890 | -1283145132
9c,8014429237178,no-sampling | production-floor,2086476890 | -1283145132
9c,8014429237179,no-sampling | production-floor,2086476890 | -1283145132
9c,8014429237180,no-sampling | production-floor,2086476890 | -1283145132
9c,8014429237182,no-sampling | production-floor,2086476890 | -1283145132
9c,8014429237183,no-sampling | production-floor,2086476890 | 659609918
9d,8018724204452,no-sampling | production-floor,2086476890 | 260928115
9d,8018724204453,no-sampling | production-floor,2086476890 | 260928115
9d,8018724204454,no-sampling | production-floor,2086476890 | 260928115
9d,8018724204472,no-sampling | production-floor,2086476890 | 260928115
9d,8018724204473,no-sampling | production-floor,2086476890 | 260928115
9d,8018724204474,no-sampling | production-floor,2086476890 | 260928115
9d,8018724204475,no-sampling | production-floor,2086476890 | 260928115
9d,8018724204477,no-sampling | production-floor,2086476890 | 260928115
9d,8018724204478,no-sampling | production-floor,2086476890 | 260928115
9d,8018724204479,no-sampling | production-floor,2086476890 | 260928115
